Name,Tags,Link
Beetle Cat,Try,https://beetlecatatl.com/
Chattahoochee Coffee Company,Try,https://chattahoocheecoffee.com/
Douceur de France,Try,https://www.douceurdefrance.com/
Cool Beans Coffee Roasters,Try,https://coolbeanscoffeeroasters.com/
Oy,Try,https://oyrestaurants.com/oyvinings
Saint German Bakery,Try,https://www.stgermainatl.com/
SGC Chicken and Seafood,Try,https://www.smithsgourmetcreations.com/
The Buttery,Try,https://www.thebutteryatl.com/
Salty Donut,Try,https://www.saltydonut.com/menu/atlanta-ga
Five Daughters Bakery,Try,https://fivedaughtersbakery.com
CAFÉ VENDÔME,Try,http://www.cafevendome.com/m0.php
Alons Bakery,Try,https://alons.com/
Bar Blanc,Try,https://www.barblancatl.com/
El Malo,Try,https://elmaloatl.com/
Himalayan Kitchen,Try,https://www.yelp.com/biz/himalayan-kitchen-smyrna
Hopdoddy,Good,https://www.hopdoddy.com/locations/cobb-atlanta
Verdure Kitchen,Try,https://www.verdurekitchen.com/
Chicheria,Try,https://www.chicheriamx.com/
Yalda,Try,https://yaldaatl.com/
Tacos & Tequilas,Try,https://ttatl.com/
Peri Peri Grill,Good,https://theperiperigrill.com/
Whit’s Custard,Try,https://whitscustard.com/locations/roswell
PALA BAKERY,Try,https://www.palabakery.com/
https://www.lottafrutta.com/,Try,https://www.lottafrutta.com/
Le fat,Try,
Konagrill,Try,
"Bona Fide Deluxe ",Try,
1942 CANTINA,Try,
Warm Waves Coffee,Try,
Doodle pies,Try,
Enzo pizza,Try,
Halfway crooks,Try,https://halfwaycrooks.beer/
Little Sparrow,Try,https://www.littlesparrowatl.com/
Wei,Try,https://eatwei.com/
Gaja Korean,Try,https://www.gajaeav.com/
Mission & Market,Try,https://missionandmarketatl.com/
Kyuramen,Try,https://www.kyuramen.com/menu
Azotea,Try,https://www.azoteacantina.com/
"Yeppa ",Try,https://www.yeppaco.com/
Rreal tacos,Try,https://rrealtacos.com/
WIN Taste of Bali,Try,https://www.wintasteofbali.com/
Mezcalito's Cocina & Tequila Bar,Try,https://mezcalitoscocina.com/
Cafe Lavande,Try,https://cafelavande.com/
La Moon,Try,https://lamoonatl.com/
Ela,Try,https://www.ela-atlanta.com/
Burger Crush,Good,https://burgercrush.com/
Dua Hapeville,Try,https://hapeville.duafishtank.com/
Sushi Kingdom Dunwoody,Try,https://sushikingdomdunwoody.kwickmenu.com/
Yakitori Jinbei,Try,https://www.yakitorijinbei.com/
Fried Rice Master,Try,https://www.friedricemaster.com/
Mojave Restaurant,Good,https://mojaverestaurant.com/
Rio Steakhouse and Bakery,Try,https://www.yelp.com/biz/rio-steakhouse-and-bakery-marietta-2
Yao Atlanta,Try,https://yaoatlanta.com/
Voga,,
Claw Boba,,
BBMYUN,,
Casa Balam,,
Char Korean Bar & Grill,,
Kimchi Red,,
One Flew South,,
"Tasty China ",,
"Kid cashew ",,
Hibachi Man,,
Son of a Biscuits,,
"yeppa ",,
Bernhards German Bakery & Deli,,
"HEIRLOOM MARKET BBQ ",,https://heirloommarketbbq.com/
Sweet Auburn BBQ,,
Birdcage,,https://birdcageatl.com/
Morelli's,,https://www.morellisicecream.com/
Henri's Bakery & Deli,,https://www.henrisbakery.com/
"Cubanos Atl ",,https://cubanosatl.com/
"Delbar ",,https://www.delbaratl.com/
Il Premio,,https://ilpremioatlanta.com/?utm_source=google&utm_medium=Local&utm_campaign=Google+My+Business
Al Zein,,https://alzeinrestaurant.com/
Duya camp,,https://dunyacamp.com/?gad_source=1&gbraid=0AAAAAqSccxV0VFCJq435MUnWfwnb779z_&gclid=EAIaIQobChMIwo3FwNiZigMVo7haBR2WhQAaEAAYASAAEgIY0fD_BwE
Barcelona wine bar,,https://barcelonawinebar.com/
tropical_cuisine_atl,,
Small Fry,,
Le Petit Chef,,https://lepetitchef.com/?gad_source=1&gad_campaignid=22363235657&gbraid=0AAAAACTZPaLXhNfvj7_lmBiOXiuPGoqto&gclid=EAIaIQobChMIxfT7-fWOjQMVPFV_AB3CDCkaEAAYASAAEgIDpPD_BwE
"Sushi village ",,https://www.sushivillagefsc.com/
Adana,,https://www.adanaatl.com/
"
Dragon 168",,
Saints + Council,,https://saintsandcouncil.com/
F & B Atlanta,Good,https://fandbatlanta.com/
Blackjack Bar Tapas,,https://www.blackjackbartapas.com/
Daydreamer Coffee,,https://www.daydreamer.coffee/?utm_campaign=button_list_Website&utm_medium=referral&utm_source=later-linkinbio
Good Harvest,,https://promo-en.goodharvestatl.com/?fbclid=PAQ0xDSwMZ6gdleHRuA2FlbQIxMQABp_1sDlDapPXEhDVkcHlwlr-yMNAkVSSKVr4v6bIox2Rt1MM8iZC22jWp87co_aem_BmzbMCH4m5VyHuydabDDgw
Mission Burger,,https://missionburgerco.com/?fbclid=PAQ0xDSwMZ6qFleHRuA2FlbQIxMQABp2h6X_1_UwTyZcpGjYQrbA8E8EYazTafd9yNR6kmG-dQyXPF7TKwhrby-1NO_aem_vA8-d1eMXri2hPH8vobOpw
Necessary Purveyor,,https://www.thenecessarypurveyor.com/
Cuddle Fish,,https://www.cuddlefishatl.com/?fbclid=PAQ0xDSwMZ63pleHRuA2FlbQIxMQABp9txuw6Z-TQNebVWunpRBhs0xybhtT1tnaXgomVu-XjBW5l4PKB5CDrmGCdv_aem_KV36hJjdRHO01-LEgkJuPg
Serena Pastificio,,https://www.serena-pastificio.com/?fbclid=PAQ0xDSwMZ7TZleHRuA2FlbQIxMQABp--wJXnSWqlPZib_N-bIGvOTX28OYGw7X2WW2E9YBrxez3hWVhv-0LTE0Jof_aem_UlNKC-LA0IlKH0kiXiPHiQ
The Bronx Bagel Buggy,,https://l.instagram.com/?u=http%3A%2F%2Fthebronxbagelbuggy.com%2F%3Ffbclid%3DPAQ0xDSwMZ-kZleHRuA2FlbQIxMQABp8LsY9Ci78hlld7keGJ_pyiTHMHYWqNkrB84GCGLOlNk0jZVlGuLyktL1Tqd_aem_2D8zTTVxL57ZE9HghV5VQA&e=AT0lBwuB3oaJmMXbs54hLAsQpRJ_Oh3R0PdRjFsIaO4xZEqak7maEJXy6fDkUsOljeUmPPXCFWIS8lE3J5QJtyuGu7N7ThI9H44YDwenrfY_a8ZdnA0n
Dahlia's Restaurant & Porch,,https://www.dahliasrestaurant.com/
Ash Coffee ATL,,https://www.ashcoffeeatl.com/events-ash-coffee-atlanta?fbclid=PAQ0xDSwMZ-0VleHRuA2FlbQIxMQABp4k7c2-2noKIB7BcPSt97qrDjhZ7njXoXO641N_w0T9ICKXA0XAfB66Tgzq3_aem_W071mJvi2Qoz122NWchbXw
Epicurean Atlanta,,https://www.epicureanhotelatlanta.com/
Hamp and Harrys,,https://www.hampandharrys.com/lunch-menu?fbclid=PAQ0xDSwMZ_KJleHRuA2FlbQIxMQABpzc41xAk2NqvX4dZvtZM3WWg5atK9nZQ6IjQqSLSLCNzjvXnVauUuBnmVsEz_aem_gxJrvJJJWuI-Cu7TwSD64g
Maya,,https://www.mayaspeaktiki.com/dunwoody/?fbclid=PAQ0xDSwMZ_QtleHRuA2FlbQIxMQABp3FU6SEdxE6Vl5td5nJ-cQsnEyfUlbf50wZK-lB5AKE0kIJzolQ7DKYJ8qJ4_aem_wBVnk-XBjePkozzxbu2vIQ
Lucky Star,Good,https://www.luckystaratl.com/
Ruby's pizza,Try,https://www.rubyssourdoughpizza.com/
"Zakia ",Try,https://www.zakiarestaurant.com/
Copper Hawks,,https://chwinery.com/alpharetta-ga-meta?utm_source=paidsearch&utm_medium=google&utm_campaign=22493828577&utm_content=&utm_term=&gad_source=1&gad_campaignid=22615151275&gbraid=0AAAAA-ZmH81731y-0oAjjiJ70TUIuYQvi&gclid=CjwKCAjwiY_GBhBEEiwAFaghvjkoQj5GWrQzajnz6K3gH4AfoP4yMtWfG0XTaiMMV1KBeBRUawYKdhoCN94QAvD_BwE
First watch,,https://firstwatch.com/
NFA Burger,,https://nfaburger.com/
Perfect Note ATLANTA,,
Rose Valley Sweets,,
Talkin' Tacos TM,,
Lao Szechuan,,https://www.kanpaiteamolaoszechuan.com/
Prime Express Bar,,https://www.primeexpressbar.com/
Tio luchos,,https://www.tioluchos.com/hermanita
"Hamp and Harrys ",,https://www.hampandharrys.com/