Name,Link,Tags
Beetle Cat,https://beetlecatatl.com/,Try
Chattahoochee Coffee Company,https://chattahoocheecoffee.com/,Try
Douceur de France,https://www.douceurdefrance.com/,Try
Cool Beans Coffee Roasters,https://coolbeanscoffeeroasters.com/,Try
Oy,https://oyrestaurants.com/oyvinings,Try
Saint German Bakery,https://www.stgermainatl.com/,Try
SGC Chicken and Seafood,https://www.smithsgourmetcreations.com/,Try
The Buttery,https://www.thebutteryatl.com/,Try
Five Daughters Bakery,https://fivedaughtersbakery.com,Try
Salty Donut,https://www.saltydonut.com/menu/atlanta-ga,Try
CAFÉ VENDÔME,http://www.cafevendome.com/m0.php,Try
Alons Bakery,https://alons.com/,Try
Bar Blanc,https://www.barblancatl.com/,Try
El Malo,https://elmaloatl.com/,Try
Himalayan Kitchen,https://www.yelp.com/biz/himalayan-kitchen-smyrna,Try
Hopdoddy,https://www.hopdoddy.com/locations/cobb-atlanta,Good
Verdure Kitchen,https://www.verdurekitchen.com/,Try
Chicheria,https://www.chicheriamx.com/,Try
Yalda,https://yaldaatl.com/,Try
Tacos & Tequilas,https://ttatl.com/,Try
Peri Peri Grill,https://theperiperigrill.com/,Good
Whit’s Custard,https://whitscustard.com/locations/roswell,Try
PALA BAKERY,https://www.palabakery.com/,Try
https://www.lottafrutta.com/,https://www.lottafrutta.com/,Try
Le fat,,Try
Konagrill,,Try
"Bona Fide Deluxe ",,Try
1942 CANTINA,,Try
Warm Waves Coffee,,Try
Doodle pies,,Try
Enzo pizza,,Try
Halfway crooks,https://halfwaycrooks.beer/,Try
Little Sparrow,https://www.littlesparrowatl.com/,Try
Wei,https://eatwei.com/,Try
Gaja Korean,https://www.gajaeav.com/,Try
Mission & Market,https://missionandmarketatl.com/,Try
Kyuramen,https://www.kyuramen.com/menu,Try
Azotea,https://www.azoteacantina.com/,Try
"Yeppa ",https://www.yeppaco.com/,Try
Rreal tacos,https://rrealtacos.com/,Try
WIN Taste of Bali,https://www.wintasteofbali.com/,Try
Mezcalito's Cocina & Tequila Bar,https://mezcalitoscocina.com/,Try
Burger Crush,https://burgercrush.com/,Good
Cafe Lavande,https://cafelavande.com/,Try
La Moon,https://lamoonatl.com/,Try
Ela,https://www.ela-atlanta.com/,Try
Dua Hapeville,https://hapeville.duafishtank.com/,Try
Sushi Kingdom Dunwoody,https://sushikingdomdunwoody.kwickmenu.com/,Try
Yakitori Jinbei,https://www.yakitorijinbei.com/,Try
Fried Rice Master,https://www.friedricemaster.com/,Try
Mojave Restaurant,https://mojaverestaurant.com/,Good
Rio Steakhouse and Bakery,https://www.yelp.com/biz/rio-steakhouse-and-bakery-marietta-2,Try
Yao Atlanta,https://yaoatlanta.com/,Try
Voga,,
Claw Boba,,
BBMYUN,,
Casa Balam,,
Char Korean Bar & Grill,,
Kimchi Red,,
One Flew South,,
"Tasty China ",,
"Kid cashew ",,
Hibachi Man,,
Son of a Biscuits,,
"yeppa ",,
Bernhards German Bakery & Deli,,
"HEIRLOOM MARKET BBQ ",https://heirloommarketbbq.com/,
Sweet Auburn BBQ,,
Birdcage,https://birdcageatl.com/,
Morelli's,https://www.morellisicecream.com/,
Henri's Bakery & Deli,https://www.henrisbakery.com/,
"Cubanos Atl ",https://cubanosatl.com/,
"Delbar ",https://www.delbaratl.com/,
Il Premio,https://ilpremioatlanta.com/?utm_source=google&utm_medium=Local&utm_campaign=Google+My+Business,
Al Zein,https://alzeinrestaurant.com/,
Duya camp,https://dunyacamp.com/?gad_source=1&gbraid=0AAAAAqSccxV0VFCJq435MUnWfwnb779z_&gclid=EAIaIQobChMIwo3FwNiZigMVo7haBR2WhQAaEAAYASAAEgIY0fD_BwE,
Barcelona wine bar,https://barcelonawinebar.com/,
tropical_cuisine_atl,,
Small Fry,,
Le Petit Chef,https://lepetitchef.com/?gad_source=1&gad_campaignid=22363235657&gbraid=0AAAAACTZPaLXhNfvj7_lmBiOXiuPGoqto&gclid=EAIaIQobChMIxfT7-fWOjQMVPFV_AB3CDCkaEAAYASAAEgIDpPD_BwE,
"Sushi village ",https://www.sushivillagefsc.com/,
Adana,https://www.adanaatl.com/,
"
Dragon 168",,
Saints + Council,https://saintsandcouncil.com/,
F & B Atlanta,https://fandbatlanta.com/,Good
Blackjack Bar Tapas,https://www.blackjackbartapas.com/,
Daydreamer Coffee,https://www.daydreamer.coffee/?utm_campaign=button_list_Website&utm_medium=referral&utm_source=later-linkinbio,
Good Harvest,https://promo-en.goodharvestatl.com/?fbclid=PAQ0xDSwMZ6gdleHRuA2FlbQIxMQABp_1sDlDapPXEhDVkcHlwlr-yMNAkVSSKVr4v6bIox2Rt1MM8iZC22jWp87co_aem_BmzbMCH4m5VyHuydabDDgw,
Mission Burger,https://missionburgerco.com/?fbclid=PAQ0xDSwMZ6qFleHRuA2FlbQIxMQABp2h6X_1_UwTyZcpGjYQrbA8E8EYazTafd9yNR6kmG-dQyXPF7TKwhrby-1NO_aem_vA8-d1eMXri2hPH8vobOpw,
Necessary Purveyor,https://www.thenecessarypurveyor.com/,
Cuddle Fish,https://www.cuddlefishatl.com/?fbclid=PAQ0xDSwMZ63pleHRuA2FlbQIxMQABp9txuw6Z-TQNebVWunpRBhs0xybhtT1tnaXgomVu-XjBW5l4PKB5CDrmGCdv_aem_KV36hJjdRHO01-LEgkJuPg,
Serena Pastificio,https://www.serena-pastificio.com/?fbclid=PAQ0xDSwMZ7TZleHRuA2FlbQIxMQABp--wJXnSWqlPZib_N-bIGvOTX28OYGw7X2WW2E9YBrxez3hWVhv-0LTE0Jof_aem_UlNKC-LA0IlKH0kiXiPHiQ,
The Bronx Bagel Buggy,https://l.instagram.com/?u=http%3A%2F%2Fthebronxbagelbuggy.com%2F%3Ffbclid%3DPAQ0xDSwMZ-kZleHRuA2FlbQIxMQABp8LsY9Ci78hlld7keGJ_pyiTHMHYWqNkrB84GCGLOlNk0jZVlGuLyktL1Tqd_aem_2D8zTTVxL57ZE9HghV5VQA&e=AT0lBwuB3oaJmMXbs54hLAsQpRJ_Oh3R0PdRjFsIaO4xZEqak7maEJXy6fDkUsOljeUmPPXCFWIS8lE3J5QJtyuGu7N7ThI9H44YDwenrfY_a8ZdnA0n,
Dahlia's Restaurant & Porch,https://www.dahliasrestaurant.com/,
Ash Coffee ATL,https://www.ashcoffeeatl.com/events-ash-coffee-atlanta?fbclid=PAQ0xDSwMZ-0VleHRuA2FlbQIxMQABp4k7c2-2noKIB7BcPSt97qrDjhZ7njXoXO641N_w0T9ICKXA0XAfB66Tgzq3_aem_W071mJvi2Qoz122NWchbXw,
Epicurean Atlanta,https://www.epicureanhotelatlanta.com/,
Hamp and Harrys,https://www.hampandharrys.com/lunch-menu?fbclid=PAQ0xDSwMZ_KJleHRuA2FlbQIxMQABpzc41xAk2NqvX4dZvtZM3WWg5atK9nZQ6IjQqSLSLCNzjvXnVauUuBnmVsEz_aem_gxJrvJJJWuI-Cu7TwSD64g,
Maya,https://www.mayaspeaktiki.com/dunwoody/?fbclid=PAQ0xDSwMZ_QtleHRuA2FlbQIxMQABp3FU6SEdxE6Vl5td5nJ-cQsnEyfUlbf50wZK-lB5AKE0kIJzolQ7DKYJ8qJ4_aem_wBVnk-XBjePkozzxbu2vIQ,
Lucky Star,https://www.luckystaratl.com/,Good
Ruby's pizza,https://www.rubyssourdoughpizza.com/,Try
"Zakia ",https://www.zakiarestaurant.com/,Try
Copper Hawks,https://chwinery.com/alpharetta-ga-meta?utm_source=paidsearch&utm_medium=google&utm_campaign=22493828577&utm_content=&utm_term=&gad_source=1&gad_campaignid=22615151275&gbraid=0AAAAA-ZmH81731y-0oAjjiJ70TUIuYQvi&gclid=CjwKCAjwiY_GBhBEEiwAFaghvjkoQj5GWrQzajnz6K3gH4AfoP4yMtWfG0XTaiMMV1KBeBRUawYKdhoCN94QAvD_BwE,
First watch,https://firstwatch.com/,
NFA Burger,https://nfaburger.com/,
Perfect Note ATLANTA,,
Rose Valley Sweets,,
Talkin' Tacos TM,,
Lao Szechuan,https://www.kanpaiteamolaoszechuan.com/,
Prime Express Bar,https://www.primeexpressbar.com/,
Tio luchos,https://www.tioluchos.com/hermanita,
"Hamp and Harrys ",https://www.hampandharrys.com/,